{
  "Ansi 6 Color" : {
    "Red Component" : 0.5455864667892456,
    "Color Space" : "Calibrated",
    "Blue Component" : 0.9942852258682251,
    "Alpha Component" : 1,
    "Green Component" : 0.9150882959365845
  },
  "Tags" : [

  ],
  "Ansi 12 Color" : {
    "Red Component" : 0.2879474759101868,
    "Color Space" : "Calibrated",
    "Blue Component" : 0.9987730383872986,
    "Alpha Component" : 1,
    "Green Component" : 0.7288731932640076
  },
  "Ansi 7 Color" : {
    "Red Component" : 0.9312370419502258,
    "Color Space" : "Calibrated",
    "Blue Component" : 0.9263648986816406,
    "Alpha Component" : 1,
    "Green Component" : 0.931364893913269
  },
  "Ansi 8 Color" : {
    "Red Component" : 0.3333576023578644,
    "Color Space" : "Calibrated",
    "Blue Component" : 0.3333532810211182,
    "Alpha Component" : 1,
    "Green Component" : 0.3333476185798645
  },
  "Bold Color" : {
    "Red Component" : 0.9635517001152039,
    "Color Space" : "Calibrated",
    "Blue Component" : 0.963539183139801,
    "Alpha Component" : 1,
    "Green Component" : 0.9635228514671326
  },
  "Ansi 9 Color" : {
    "Red Component" : 0.9874743819236755,
    "Color Space" : "Calibrated",
    "Blue Component" : 0.2733488082885742,
    "Alpha Component" : 1,
    "Green Component" : 0.2617007195949554
  },
  "Use Non-ASCII Font" : false,
  "Transparency" : 0.1964173446745562,
  "Rows" : 25,
  "Default Bookmark" : "No",
  "Cursor Guide Color" : {
    "Red Component" : 0.6499999761581421,
    "Color Space" : "Calibrated",
    "Blue Component" : 1,
    "Alpha Component" : 0.25,
    "Green Component" : 0.9100000262260437
  },
  "Non-ASCII Anti Aliased" : true,
  "Use Bright Bold" : true,
  "Ansi 10 Color" : {
    "Red Component" : 0.3142647445201874,
    "Color Space" : "Calibrated",
    "Blue Component" : 0.4843889474868774,
    "Alpha Component" : 1,
    "Green Component" : 0.9827766418457031
  },
  "Ambiguous Double Width" : false,
  "Jobs to Ignore" : [
    "rlogin",
    "ssh",
    "slogin",
    "telnet"
  ],
  "Ansi 15 Color" : {
    "Red Component" : 0.9312370419502258,
    "Color Space" : "Calibrated",
    "Blue Component" : 0.9263648986816406,
    "Alpha Component" : 1,
    "Green Component" : 0.931364893913269
  },
  "Foreground Color" : {
    "Red Component" : 0.9216761589050293,
    "Color Space" : "Calibrated",
    "Blue Component" : 0.9021888971328735,
    "Alpha Component" : 1,
    "Green Component" : 0.9272506833076477
  },
  "Working Directory" : "\/Users\/leonardschuetz",
  "Blinking Cursor" : true,
  "Disable Window Resizing" : true,
  "Sync Title" : false,
  "Description" : "Default",
  "BM Growl" : true,
  "Command" : "",
  "Mouse Reporting" : true,
  "Prompt Before Closing 2" : false,
  "Screen" : -1,
  "Selection Color" : {
    "Red Component" : 0.5058202147483826,
    "Color Space" : "Calibrated",
    "Blue Component" : 0.7753785848617554,
    "Alpha Component" : 1,
    "Green Component" : 0.6807473301887512
  },
  "Columns" : 80,
  "Idle Code" : 0,
  "Only The Default BG Color Uses Transparency" : true,
  "Ansi 13 Color" : {
    "Red Component" : 0.9875143766403198,
    "Color Space" : "Calibrated",
    "Blue Component" : 0.7053173780441284,
    "Alpha Component" : 1,
    "Green Component" : 0.2987906634807587
  },
  "Custom Command" : "No",
  "ASCII Anti Aliased" : true,
  "Non Ascii Font" : "Monaco 12",
  "Vertical Spacing" : 1,
  "Use Bold Font" : true,
  "Option Key Sends" : 0,
  "Selected Text Color" : {
    "Red Component" : 0,
    "Color Space" : "Calibrated",
    "Blue Component" : 0,
    "Alpha Component" : 1,
    "Green Component" : 0
  },
  "Background Color" : {
    "Red Component" : 0.1176580935716629,
    "Color Space" : "Calibrated",
    "Blue Component" : 0.159778356552124,
    "Alpha Component" : 1,
    "Green Component" : 0.1221526861190796
  },
  "Character Encoding" : 4,
  "Ansi 11 Color" : {
    "Red Component" : 0.9424901008605957,
    "Color Space" : "Calibrated",
    "Blue Component" : 0.5483220219612122,
    "Alpha Component" : 1,
    "Green Component" : 0.9827506542205811
  },
  "Use Italic Font" : true,
  "Unlimited Scrollback" : true,
  "Keyboard Map" : {
    "0xf700-0x260000" : {
      "Action" : 10,
      "Text" : "[1;6A"
    },
    "0x37-0x40000" : {
      "Action" : 11,
      "Text" : "0x1f"
    },
    "0x32-0x40000" : {
      "Action" : 11,
      "Text" : "0x00"
    },
    "0xf709-0x20000" : {
      "Action" : 10,
      "Text" : "[17;2~"
    },
    "0xf70c-0x20000" : {
      "Action" : 10,
      "Text" : "[20;2~"
    },
    "0xf729-0x20000" : {
      "Action" : 10,
      "Text" : "[1;2H"
    },
    "0xf72b-0x40000" : {
      "Action" : 10,
      "Text" : "[1;5F"
    },
    "0xf705-0x20000" : {
      "Action" : 10,
      "Text" : "[1;2Q"
    },
    "0xf703-0x260000" : {
      "Action" : 10,
      "Text" : "[1;6C"
    },
    "0xf700-0x220000" : {
      "Action" : 10,
      "Text" : "[1;2A"
    },
    "0xf701-0x280000" : {
      "Action" : 11,
      "Text" : "0x1b 0x1b 0x5b 0x42"
    },
    "0x38-0x40000" : {
      "Action" : 11,
      "Text" : "0x7f"
    },
    "0x33-0x40000" : {
      "Action" : 11,
      "Text" : "0x1b"
    },
    "0xf703-0x220000" : {
      "Action" : 10,
      "Text" : "[1;2C"
    },
    "0xf701-0x240000" : {
      "Action" : 10,
      "Text" : "[1;5B"
    },
    "0xf70d-0x20000" : {
      "Action" : 10,
      "Text" : "[21;2~"
    },
    "0xf702-0x260000" : {
      "Action" : 10,
      "Text" : "[1;6D"
    },
    "0xf729-0x40000" : {
      "Action" : 10,
      "Text" : "[1;5H"
    },
    "0xf706-0x20000" : {
      "Action" : 10,
      "Text" : "[1;2R"
    },
    "0x34-0x40000" : {
      "Action" : 11,
      "Text" : "0x1c"
    },
    "0xf700-0x280000" : {
      "Action" : 11,
      "Text" : "0x1b 0x1b 0x5b 0x41"
    },
    "0x5f-0x60000" : {
      "Text" : "AAE21A0A-B2FA-49B5-B650-8DC091E75BF2",
      "Action" : 29
    },
    "0x2d-0x40000" : {
      "Action" : 11,
      "Text" : "0x1f"
    },
    "0xf70e-0x20000" : {
      "Action" : 10,
      "Text" : "[23;2~"
    },
    "0xf702-0x220000" : {
      "Action" : 10,
      "Text" : "[1;2D"
    },
    "0xf703-0x280000" : {
      "Action" : 11,
      "Text" : "0x1b 0x1b 0x5b 0x43"
    },
    "0xf700-0x240000" : {
      "Action" : 10,
      "Text" : "[1;5A"
    },
    "0xf707-0x20000" : {
      "Action" : 10,
      "Text" : "[1;2S"
    },
    "0xf70a-0x20000" : {
      "Action" : 10,
      "Text" : "[18;2~"
    },
    "0x35-0x40000" : {
      "Action" : 11,
      "Text" : "0x1d"
    },
    "0xf70f-0x20000" : {
      "Action" : 10,
      "Text" : "[24;2~"
    },
    "0xf703-0x240000" : {
      "Action" : 10,
      "Text" : "[1;5C"
    },
    "0xf701-0x260000" : {
      "Action" : 10,
      "Text" : "[1;6B"
    },
    "0xf702-0x280000" : {
      "Action" : 11,
      "Text" : "0x1b 0x1b 0x5b 0x44"
    },
    "0xf72b-0x20000" : {
      "Action" : 10,
      "Text" : "[1;2F"
    },
    "0x36-0x40000" : {
      "Action" : 11,
      "Text" : "0x1e"
    },
    "0xf708-0x20000" : {
      "Action" : 10,
      "Text" : "[15;2~"
    },
    "0xf701-0x220000" : {
      "Action" : 10,
      "Text" : "[1;2B"
    },
    "0xf70b-0x20000" : {
      "Action" : 10,
      "Text" : "[19;2~"
    },
    "0x3a-0x60000" : {
      "Text" : "AAE21A0A-B2FA-49B5-B650-8DC091E75BF2",
      "Action" : 28
    },
    "0xf702-0x240000" : {
      "Action" : 10,
      "Text" : "[1;5D"
    },
    "0xf704-0x20000" : {
      "Action" : 10,
      "Text" : "[1;2P"
    }
  },
  "Window Type" : 0,
  "Blur Radius" : 13.00102163461538,
  "Cursor Type" : 0,
  "Background Image Location" : "",
  "Blur" : true,
  "Badge Color" : {
    "Red Component" : 1,
    "Color Space" : "Calibrated",
    "Blue Component" : 0,
    "Alpha Component" : 0.5,
    "Green Component" : 0
  },
  "Blink Allowed" : true,
  "Scrollback Lines" : 1000,
  "Send Code When Idle" : false,
  "Close Sessions On End" : true,
  "Terminal Type" : "xterm-256color",
  "Visual Bell" : true,
  "Flashing Bell" : false,